AccountHistoryTypeID,Name,Descr
1,Enrolled,Enrolled
2,Register target customer,Register target customer
3,Customer re-enrolled,Customer re-enrolled
7,Point Balance Inquiry,Point Balance Inquiry/Dispute
8,Order inquiry,Order inquiry
9,Account inquiry,Account inquiry
10,Name and/or address change,Name and/or address change
11,Non-program Questions,Non-program Questions
13,Account locked,Account locked
14,Hostile phone call,Hostile phone call
17,Domestic dispute,Domestic dispute
18,Customer Comment,Customer Comment
19,Redemption questions,Redemption questions
20,Other (Notes in comments,Other (Notes in comments)
21,Survey completed,Survey completed
23,Canceled order with pending status,Canceled order with pending status
24,Return requested - damaged,Return requested - damaged
25,Return requested - defec,Return requested - defective
26,Return requested - dissatisfied,Return requested - dissatisfied
27,Return Canceled,Return Canceled
28,Customer never received order,Customer never received order
31,Point adjustment,Point adjustment
34,Issued order trace,Issued order trace
36,No proof of delivery,No proof of delivery
39,Trace canceled,Trace canceled
40,Issued order tag,Issued order tag
43,Point transfer,Point transfer
45,Account unlocked,Account unlocked
46,Canceled  customer enrollment,Canceled  customer enrollment
47,Order placed,Order placed
48,Registered Customer into Database (not enrolled),Registered Customer into Database (not enrolled)
49,ReIssue,ReIssue
51,Customer Complaint,Customer Complaint
56,Cancel order with pending status,Cancel order with pending status
57,New Shipping Address Entered for Order,New Shipping Address Entered for Order
58,Me Too Referral,Me Too Referral
59,Consolidate Accounts,Consolidate Accounts
60,Alternate Shipping Address Specified For Order,Alternate Shipping Address Specified For Order
61,Invalid shipping address entered per system check,Invalid shipping address entered per system check
62,Point Insertion,Point Insertion
64,Customer changed password,Customer changed password
66,Return requested on Item Maintenance,Return requested on Item Maintenance
67,The Customer Placed a Bid,The Customer Placed a Bid
68,The Customer was Outbid,The Customer was Outbid
69,User had a bid deleted,User had a bid deleted
70,Auction Closing within 24 hours notification sent,Auction Closing within 24 hours notification sent
71,Access Denied to Custome,Access Denied to Customer Web
72,Issue Resolved,Issue Resolved
73,Follow up communication,CF - A follow up communication was requested
74,Customer Service Email Sent,Customer Service Email Sent
77,Item Shipped,Item Shipped
79,Returned Items received,Returned Items received
99,Customer Service Customer Information Update,A customer has had his/her contact information  updated via the contact center
100,Login unlocked,The Customer login was unlocked
101,Login locked,The Customer login was locked due to failed login attempts
106,Survey was completed,Survey was completed
107,Survey was passed,Survey was passed
108,Survey was passed,Survey was passed
113,Reset,Reset
120,BNS Presidents Escalate D2D,BNS – Presidents Office Escalation D2D
121,BNS Presidents Escalate VISA,BNS – Presidents Office Escalation VISA
122,BNS Bonus D2D,BNS – Bonus D2D
123,BNS POS D2D,BNS – POS D2D
124,VISA Bonus,VISA – Bonus
125,VISA POS,VISA – POS
130,Return,Return
131,Customer Email Changed,Customer Email Changed
132,Customer Card Number Changed,"Customer Card Number Changed, Re-issued, Replaced"
133,Call Back To Cardmember,CF – Call Back To Cardmember
134,Customer Complaint,CF - Customer Complaint 
135,Escalation,CF – Escalation
136,Point Dispute,CF – Point Dispute
137,Research To Resolve,CF - Research Required To Resolve Issue
138,Customer SVC Gesture,CF – Customer SVC Gesture
139,Fulfillment Inquiry,CF – Fulfillment Inquiry
140,Password Reset,CF – Password Reset
141,Waiting Scotia Response,CF - Waiting on Scotiabank Response
142,Waiting Cineplex Respons,CF - Waiting on Cineplex Response
143,Program Inquiry,Program Inquiry
144,Email Declined,Email Declined
145,Card Delivery Inquiry +,CF - Card Delivery Inquiry (+10 Days)
146,Forgotten User Password,Forgotten User Name and/or Password
147,General Complaint,General Complaint
148,Marketing Promo Inquiry,Marketing Promotion Inquiry
149,Outbound Call,Outbound Call
150,Reward Inquiry,Reward Inquiry
151,Transfer to BNS,Transfer to BNS (Scotia) Call Centre
152,Transfer to Cineplex,Transfer to CE (Cineplex) Call Centre
153,Replacement SCENE Card,Replacement SCENE Card
154,Re-issue Temp SCENE Card,Re-issue Temporary SCENE Card
155,Stop Communications,Stop Communications Request
156,Program Removal Request,Program Removal Request
157,Customer Call Back,Customer Call Back
158,BNS Acquisition Adjust,BNS – Acquisition Adjustment
159,BNS Interac Down,BNS – Interac Down (SCENE ScotiaCard)
160,BNS Other,BNS – Other (notes in comments)
161,BNS Presidents Escalate,BNS – Presidents Office Escalation
162,BNS Scotia Joint Account,BNS – Scotiabank Joint Account Points (bonus point
163,BNS ScotiaCard Linking,BNS – ScotiaCard Linking Points
164,BNS Scotia PAD-PAC-Pay,BNS – ScotiaCard PAD-PAC-Payroll Points
165,CE Head Office Escalate,CE - Head Office Escalation
166,CE Points Adjust Ticket,CE - Points Adjustment (Child Tickets Missing)
167,CE Points Adjustment POS,CE - Points Adjustment (POS Error)
168,CE Customer Experience,CE - Customer Experience Complaint
169,CE Other,CE - Other (notes in comments)
170,CE SCENE Enroll Points,CE - SCENE Enrollment Points 
171,S - Other,SCENE -  Other (notes in comments)
172,S - Prevent Attritition,SCENE -  Prevent Member Attrition
173,Transfer to SCENE,Transfer to SCENE (Maritz) Call Centre
174,Card Delivery Inquiry -,Card Delivery Inquiry (-10 Days)
176,BNS Account Linked,The SCENE account has been linked to a BNS account
178,BNS Account Requested,BNS Account Open Request Sent
179,BNS Account Opened Approved,BNS Account Open Approved
181,BNS Account Open Rejected,BNS Account Open Rejected
182,SCENE Survey Completion ,SCENE Survey Completion Bonus
183,SCENE Offer Sent,SCENE Offer Sent
184,SCENE Offer Accepted,SCENE Offer Accepted
186,Refer a Friend Completed,The Refer a Friend form has been completed
188,BNS VISA Requested,BNS VISA Open Request sent to VISA site
189,BNS VISA Opened Approved,BNS VISA Open Approved
190,BNS VISA Open Rejected,BNS VISA Open Rejected
192,Scene Communication,Scene Communication
193,SCENE Promotions,SCENE Promotions
194,Profile Completion Points,Profile Completion Points
195,Account deactivated,Account deactivated
196,Merge Accounts,Merge Accounts
200,BNS Account Delinked,The SCENE account has been delinked from the BNS account
201,Linking Customer Account,Linking Customer Accounts
202,Auto-Enrollment Issue,Auto-Enrollment Issue
203,BNS Other D2D,BNS – Other D2D (notes in comments)
204,BNS Other VISA,BNS – Other VISA (notes in comments)
205,Points Already Issued Te,Points Already Issued Template Sent
206,Cineplex Promotions,Cineplex Promotions
207,CF - Orphaned Account,CF - Orphaned Account
208,Orphaned Account Inquiry,Orphaned Account Inquiry
209,Customer Email Confirmed,Customer Email Confirmed
210,CE Online Store Credit,CE - Online Store Credit
211,CE Online Store Debit,CE - Online Store Debit
212,CE Online Store Research,CF - CE Online Store Research Required to Resolve
213,Maritz Goodwill Adjustment,Goodwill Adjustment
214,Rec'd E-mail from SM,Rec'd E-mail from SM
215,Re-Issue SCENE Card - Address Error,Re-Issue SCENE Card - Address Error
220,SCENE Escalation,SCENE Escalation
222,CE Negative Points Adjustment,CE - Negative Points Adjustment
223,Re-Issue SCENE Card - Not Recieved,Re-Issue SCENE Card - Not Received
225,Re-Issue SCENE Card - Lost/Stolen,Re-Issue SCENE Card - Lost/Stolen
226,BNS – Telemarketing Opt Out,BNS – Telemarketing Opt Out
228,SCENE Escalations - Music Store,SCENE Escalations - Music Store
229,Returned Mail,Returned Mail
230,ConfirmAddressConfirmed,ConfirmAddressConfirmed
231,ConfirmAddressUpdated,ConfirmAddressUpdated
232,ConfirmAddressRequested,ConfirmAddressRequested
233,BNS Promotion Bonus,BNS Promotion Bonus
234,Sirius Escalation,Sirius Escalation
235,CF - Milestones,CF - Milestones
236,CARA - Head Office Escalation,CARA - Head Office Escalation
237,CARA - Points Adjustment,CARA - Points Adjustment (POS Error)
238,CARA Customer Experience,CARA Customer Experience Complaint
239,CARA Other,CARA Other (notes in comments)
240,CARA Promotions,CARA Promotions
241,Call Back to CardMember ,Call Back to CardMember (CST Use Only)
242,Z- Auto-Enroll - TM: First Attempt/Invalid Number,Z- Auto-Enroll - TM: First Attempt/Invalid Number
243,Z- Auto-Enroll - TM: First Attempt/No Answer,Z- Auto-Enroll - TM: First Attempt/No Answer
244,Z- Auto-Enroll - TM: Right Phone #/Unavailable,Z- Auto-Enroll - TM: Right Phone #/Unavailable
245,Z- Auto-Enroll - TM: Reachable Later,Z- Auto-Enroll - TM: Reachable Later
246,Z- Auto-Enroll - TM: Unreachable,Z- Auto-Enroll - TM: Unreachable
247,Z- Auto-Enroll - TM: Wrong Number,Z- Auto-Enroll - TM: Wrong Number
248,Z- Auto-Enroll - TM: Does not speak English/French,Z- Auto-Enroll - TM: Does not speak English/French
253,Z- Auto-Enroll - TM: Email Updated,Z- Auto-Enroll - TM: Email Updated
254,Z- Auto-Enroll - TM: Email not provided/Privacy,Z- Auto-Enroll - TM: Email not provided/Privacy
256,Z-TM: Email not provided/Busy/Call back later,Z- Auto-Enroll - TM: Email not provided/Busy/Call back later
257,Z-TM: Email not provided/Will update online later,Z- Auto-Enroll - TM: Email not provided/Will update online later
259,Z-TM: Email not provided/Opt out of TM campaigns,Z- Auto-Enroll - TM: Email not provided/Opt out of Outbound TM campaigns
261,Z-TM: Email not provided/not English/French,Z- Auto-Enroll - TM: Email not provided/Does not speak English/French
264,Z-TM: Email not provided/not have email address,Z- Auto-Enroll - TM: Email not provided/Does not have an email address
265,Z-TM: Email not provided/Does not remember,Z- Auto-Enroll - TM: Email not provided/Does not remember
266,Z-TM: Email not provided/Hang up/Disconnect,Z- Auto-Enroll - TM: Email not provided/Hang up/Disconnect
267,Z-TM: First Attempt/Received Voicemail,Z- Auto-Enroll - TM: First Attempt/Received Voicemail
268,Z- Auto-Enroll - TM: Callback Promo: Email Updated,Z- Auto-Enroll - TM: Callback Promo: Email Updated
269,FC - Points Expiry Escal,FC - Points Expiry Escalation
270,Points Expiry Inquiry,Points Expiry Inquiry
271,CF - Points Expiry Escal,CF - Points Expiry Escalation
272,MobileSubscribed,Mobile Subscriptions
273,MobileUnsubscribed,Mobile Unsubscriptions
274,MobileNotVerified,Mobile Not Verified
275,BNS Other - Campaign,BNS Other - Campaign Points
276,Mazda Promotions,Mazda Promotions
277,Adidas Promotion,Adidas Promotion
278,Universal Promotion,Universal Promotion
279,2nd Issue Callback,2nd Issue Callback
280,ExpiredPoints,Expired Points
281,ReverseExpiredPoints,Reverse Expired Points
282,SetActiveExpiredPoints,Set Active Expired Points
283,Visa 2000 Additional Bonus,Visa 2000 Additional Bonus
284,OBTM - MOVIE LOVERS WINN,OBTM - MOVIE LOVERS WINNER- SM unavailable
285,OBTM - MOVIE LOVERS WINN,OBTM - MOVIE LOVERS WINNER - SM available
286,SCENE Pizza Pizza and Pizza73 Promo,SCENE Pizza Pizza and Pizza73 Promo
287,SCENE - TELUS Promotion,SCENE - TELUS Promotion
288,SCENE Samsung Promo,SCENE Samsung Promo
289,CF – SCENEtourage Promot,CF – SCENEtourage Promotion 
290,SCENEtourage Promotion,SCENEtourage Promotion 
291,SCENE-Cineplex Timeplay ,SCENE-Cineplex Timeplay Promotion
292,BNS Mortgage Bonus Offer,BNS Mortgage Bonus Offer Points Disposition
293,SCENE Social Game Points,SCENE Social Game Points
294,BNS Dynamic PIN promotio,BNS Dynamic PIN promotion – ScotiaMcLeod
295,Cineplex Survey Inquiry,Cineplex Survey Inquiry
296,Trivia Stars General Inquiries,Trivia Stars General Inquiries
297,Trivia Stars Points Inquiries,Trivia Stars Points Inquiries
298,Trivia Stars User Experience,Trivia Stars User Experience Issues
299,Trivia Stars Escalation,Trivia Stars Escalation
300,SCENE Winners Contest,SCENE Winners Contest
301,Added to Suppression List,Added to Suppression List
302,Removed from Suppression List,Removed from Suppression List
303,Timeplay Promotion,Timeplay Promotion
304,Virgin Mobile Promotion,Virgin Mobile Promotion
305,Swiss Chalet Promotion,Swiss Chalet Promotion
306,TELUS Promotion 2012,TELUS Promotion 2012
307,Cineplex Points Error,Cineplex Points Error
308,Cineplex Points Error Adj,Cineplex Points Error Adjustment
309,Q4 Marketability Points,Q4 Marketability Points
310,My Free Movie Promotion,My Free Movie Promotion
311,Theatre St. Denis - Points Adjustment,Theatre St. Denis - Points Adjustment
312,Theatre St. Denis - Head Office Escalation,Theatre St. Denis - Head Office Escalation
313,Theatre St. Denis - Customer Experience,Theatre St. Denis - Customer Experience
314,Theatre St. Denis - Other,Theatre St. Denis - Other
315,BC Education Match Game ,BC Education Match Game
316,Stratford 500 Promotion ,Stratford 500 Promotion or Stratford 1000 Promotio
317,Starvox Entertainment,Starvox Entertainment
318,Indigo Promotion,Indigo Promotion
319,Virgin Mobile Bonus 2013,Virgin Mobile Bonus 2013
320,Winners Promotion Points,Winners Promotion Points
321,SHOW-off Grand Prize/Gag,"SHOW-off Grand Prize/Gagnant, concours MONTREZ-la"
322,Pizza Pizza 2013 Promotion,Pizza Pizza 2013 Promotion
323,Pizza 73 2013 Promotion,Pizza 73 2013 Promotion
326,Rogers Magazines,Rogers Magazines
327,Wave 1 - Phone,Wave 1 members that call by phone
328,Wave 1 - Email,Wave 1 members that call by email
329,Wave 1 - Goodwill point adjustment,Wave 1 Goodwill point adjustment disposition for any irate members
330,Wave 2 - Phone,Wave 2 members that call by phone
331,Wave 2 - Email,Wave 2 members that call by email
332,Wave 2 - Goodwill point adjustment,Wave 2 Goodwill point adjustment disposition for any irate members
333,Wave 3 - Phone,Wave 3 members that call by phone
334,Wave 3 - Email,Wave 3 members that call by email
335,BNS Wave 3 Email Migration - Goodwill point adjust,BNS Wave 3 Email Migration Goodwill point adjustment disposition for any irate members
336,Customer included in email migration,Customer included in email migration
337,Adidas Holiday Promo,Adidas Holiday Promo
338,Wave 2 - Declined to update profile email,Wave 2 Members declined to update profile email
339,Live Entertainment - Points Adjust,Live Entertainment - Points Adjust
340,Live Entertainment - Head Office Escalation,Live Entertainment - Head Office Escalation
341,Live Entertainment - Customer Experience,Live Entertainment - Customer Experience
342,Live Entertainment - Other,Live Entertainment - Other
343,Marketability Promotion,Marketability Promotion
344,"Lights, Campus, Action!","Lights, Campus, Action!"
345,Enrollment Activity Bonus Expired,Enrollment Activity Bonus period expired.
346,Prepaid VISA Escalation,Prepaid VISA Escalation 
347,Prepaid VISA Inquiry,Prepaid VISA Inquiry 
348,Prepaid VISA Points Escalation,Prepaid VISA Points Escalation
350,Black Card First Member,Black Card First Member
351,Scotia-VISA Application at Enrollment,Scotia-VISA Application at Enrollment
352,ScotiaCard Application at Enrollment,ScotiaCard Application at Enrollment
353,SCENE Escalation - Enrol 250 Merged Accounts,SCENE Escalation - Enrollment 250 Merged Accounts
358,Scene Card Activation Bonus Adjustment,Scene Card Activation Bonus Adjustment
359,Indigo Promotion (e),Indigo Promotion (e)
360,We Day 2014 Promotion,We Day 2014 Promotion
361,Boston Pizza Promo 2014,Boston Pizza Promo 2014
362,BC Education Promo 2014,BC Education Promo 2014
363,Offer Prompted,Offer prompted whenever the intercept prompt is shown to the member
364,Offer Accepted,Member clicks the Accept now button
365,Offer Declined,Member clicks the No thanks button
366,Offer Dismissed,Member clicks the X or the Maybe next time button
367,MTV Contest Winner,MTV Contest Winner Bonus Adjustment
368,MTV Contest Grand Prize,MTV Contest Grand Prize Bonus Adjustment
370,Marked for Points Expiry,Marked for Points Expiry
371,BNS Free Movie Promotion,BNS Free Movie Promotion
372,BNS Two Free Movies Promo,BNS Two Free Movies Promo
373,Casting Call Contest,Casting Call Contest
374,Order Reversal,Order Reversal
375,Marks Promotion,Marks Promotion
376,Hot Docs Promotion,Hot Docs Promotion
377,"Telus 5,000 Promotion 2014","Telus 5,000 Promotion 2014"
378,Call Centre Survey Promo,Call Centre Survey Promo
379,Sport Chek Other,Sport Chek Other (notes in comments)
380,Sport Chek Head Office Escalate,Sport Chek Head Office Escalation
381,Sport Chek Points Adjustment POS,Sport Chek Points Adjustment (POS Error)
382,Sport Chek Promotions,Sport Chek Promotions
383,CF - Sport Chek,CF - Sport Chek
384,Canadian Tire Corporation,Canadian Tire Corporation
385,Zast,Zast
386,Social Contest,Social Contest
387,SCENEtourage Monthly Draw,SCENEtourage Monthly Draw
388,Registration Inquiry,Registration Inquiry
389,Sport Chek Boxing Day Promo,Sport Chek Boxing Day Promo
390,SportChek Warning: Soft cap reached,Reached Sport Chek transaction soft cap; sent warning email to the SCENE support.
391,SportCheck Max: Daily Transaction Max Reached,Reached Sport Chek transaction daily max; sent alert email to the SCENE support.
392,Maximum Address Reached,Reached the maximum address allowance
393,Address Validation Failed,Address Validation Failed
395,Closed Rejected Bad Address,Closed Rejected Bad Address
396,Closed Rejected Max Address,Closed Rejected Max Address
397,"TELUS 5,000 Promotion 2015","TELUS 5,000 Promotion 2015"
398,Marks Promotion 2015,Marks Promotion 2015
399,L'Equipeur Promotion 2015,L'Equipeur Promotion 2015
400,Marks Online Promotion 2015,Marks Online Promotion 2015
401,Edited Profile through Marketability Promo,Edited Profile through Marketability Promo
402,Sport Chek – Under Armour Promotion 2015,Sport Chek – Under Armour Promotion 2015
405,BNS Account Linked Rejected,This SCENE account has been linked to a BNS account on Card Number solely
406,Mobile Unreachable,Unsubscribed SMS Subscription - mobile phone unreachable
407,Top-Up Promotion,Top-Up Promotion Adjustment
408,Sport Chek – Fitbit Promotion 2015,Sport Chek – Fitbit Promotion 2015
409,BNS - Hockey,BNS - Hockey
410,BOND Employee Referral,BOND Employee Referral
411,Sport Chek – Adidas Promotion 2015,Sport Chek – Adidas Promotion 2015
412,Telus Prepaid Promotion,Telus Prepaid Promotion
413,CARA - Montana's - Points Adjustment,CARA - Montana - Points Adjustment
414,CARA - Montana's - Promotion Bonus,CARA - Montana - Promotion Bonus
415,CARA - Montana's - Other,CARA - Montanas - Other (Notes in Comments)
416,CARA - Montana's - technical issues,CARA - Montanas - technical issues
417,CARA - Prime Pubs - Points Adjustment,CARA - Prime Pubs - Points Adjustment
418,CARA - Prime Pubs - Promotion Bonus,CARA - Prime Pubs - Promotion Bonus
419,CARA - Prime Pubs - Other,CARA - Prime Pubs - Other (Notes in Comments)
420,CARA - Prime Pubs - technical issues,CARA - Prime Pubs - technical issues
421,CARA - Swiss Chalet - Points Adjustment,CARA - Swiss Chalet - Points Adjustment
422,CARA - Swiss Chalet - Promotion Bonus,CARA - Swiss Chalet - Promotion Bonus
423,CARA - Swiss Chalet - Other,CARA - Swiss Chalet - Other (Notes in Comments)
424,CARA - Swiss Chalet - technical issues,CARA - Swiss Chalet - technical issues
425,CARA - Milestones - Points Adjustment,CARA - Milestones - Points Adjustment
426,CARA - Milestones - Promotion Bonus,CARA - Milestones - Promotion Bonus
427,CARA - Milestones - Other,CARA - Milestones - Other (Notes in Comments)
428,CARA - Milestones - technical issues,CARA - Milestones - technical issues
429,CARA - Bier Markt - Points Adjustment,CARA - Bier Markt - Points Adjustment
430,CARA - Bier Markt - Promotion Bonus,CARA - Bier Markt - Promotion Bonus
431,CARA - Bier Markt - Other,CARA - Bier Markt - Other (Notes in Comments)
432,CARA - Bier Markt - technical issues,CARA - Bier Markt - technical issues
433,CARA - East Side Mario's - Points Adjustment,CARA - East Side Mario's - Points Adjustment
434,CARA - East Side Mario's - Promotion Bonus,CARA - East Side Mario's - Promotion Bonus
435,CARA - East Side Mario's - Other,CARA - East Side Mario's - Other (Notes in Comments)
436,CARA - East Side Mario's - technical issues,CARA - East Side Mario's - technical issues
437,CARA - Harvey's - Points Adjustment,CARA - Harvey's - Points Adjustment
438,CARA - Harvey's - Promotion Bonus,CARA - Harvey's - Promotion Bonus
439,CARA - Harvey's - Other,CARA - Harvey's - Other (Notes in Comments)
440,CARA - Harvey's - technical issues,CARA - Harvey's - technical issues
441,CARA - Kelsey's - Points Adjustment,CARA - Kelsey's - Points Adjustment
442,CARA - Kelsey's - Promotion Bonus,CARA - Kelsey's - Promotion Bonus
443,CARA - Kelsey's - Other,CARA - Kelsey's - Other (Notes in Comments)
444,CARA - Kelsey's - technical issues,CARA - Kelsey's - technical issues
445,Toys R Us 2015 Promotion,Toys R Us 2015 Promotion
446,BC Education Promo 2015,BC Education Promo 2015
447,Email Update Prompted,Members Prompted for Email Update.
448,Promotion Marketable Update,Promotion Marketable Update
449,PIN Promotion Email Update,Updated member email through PIN Promo confirmation
450,PIN Promotion Marketable Update,Updated member marketability status through PIN Promo confirmation
451,Scratch-N-Match Game 2015,Scratch-N-Match Game 2015
452,BNS - Hockey Two,BNS - Hockey Two
453,Sport Chek – TaylorMade Golf Promotion 2015,Sport Chek – TaylorMade Golf Promotion 2015
454,Automated Dormant Status Update from Point Transac,Automated Dormant Status Update from Point Transaction Activity
455,Automated Dormant Status Update from Concession 10,Automated Dormant Status Update from Concession 10% Off Activity
456,Automated Dormant Status Update from BNS Linking A,Automated Dormant Status Update from BNS Linking Activity
458,Lead Gen Survey,Lead Gen Survey
459,Sport Chek GTA Promotion,Sport Chek GTA Promotion
460,Member Dormant Status Reactivation Due to BC Activ,Member Dormant Status Reactivation Due to BC Activity
461,"TELUS 5,000 Promotion July 2015","TELUS 5,000 Promotion July 2015"
462,Sport Chek GTA Promotion applied,Sport Chek GTA Promotion applied
463,Marks 2015 August Promotion,Marks 2015 August Promotion Adjustment
464,Sport Chek – Bauer Hockey Promotion 2015,Sport Chek – Bauer Hockey Promotion 2015 Adjustment
465,Visa 3000 Additional Bonus,Visa 3000 Additional Bonus
466,Earn & Burn General Inquiries,Earn & Burn General Inquiries
467,Earn & Burn Escalation OR Complaints,Earn & Burn Escalation OR Complaints
468,Earn & Burn Exceptions,Earn & Burn Exceptions
469,Offer Acknowledged,"Member clicks the Ok, got it button"
470,Offer Learned More,Member clicks the Learn More button
471,Sport Chek Alberta Promotion applied,Sport Chek Alberta Promotion applied
472,Sport Chek Alberta Promotion,Sport Chek Alberta Promotion
473,L’Equipeur Aout 2015 Promotion,L’Equipeur Aout 2015 Promotion
474,Marks Online August 2015 Promotion,Marks Online August 2015 Promotion
475,Sport Chek Kids Promotion,Sport Chek Kids Promotion
476,CARA Launch Promotions,CARA Launch Promotions
477,CARA Head Office Escalate,CARA Head Office Escalate
478,CARA Points Adjustment POS,CARA Points Adjustment POS
479,CARA Other,CARA Other
480,CARA Promotions,CARA Promotions
481,Sport Chek September 2015 Under Armour Promotion,Sport Chek September 2015 Under Armour Promotion
482,Member has been provided a new PIN,Mobile Ticketing promo - Member has been provided a new PIN
483,Member is not eligible,Mobile Ticketing promo - Member is not eligible
484,All valid members,Mobile Ticketing promo - Members who has entered correct card number and passed capture control
485,Member has forgotten card,Mobile Ticketing promo - Member has been sent the card by email
486,Member has forgotten card,Send My Card promo - Member has been sent the card by email
487,Member email in suppression list,Send My Card promo - Member email in suppression list
488,Member has multiple account,Send My Card promo - Member has multiple accounts associated with one email
489,Sport Chek The North Face Promotion,Sport Chek The North Face Promotion
490,Customer Not In Promo Top-Up,Member not eligible for the top-up promo wave
491,CARA - Swiss  Chalet Delivery - Points Adjustment,CARA - Swiss Chalet Delivery - Points Adjustment
492,CARA - Swiss  Chalet Delivery - Promotion Bonus,CARA - Swiss Chalet Delivery - Promotion Bonus
493,CARA - Swiss  Chalet Delivery - Other,CARA - Swiss Chalet Delivery - Other
494,CARA - Swiss  Chalet Delivery - Technical Issues,CARA - Swiss Chalet Delivery - Technical Issues
495,"TELUS 5,000 Promotion November 2015","TELUS 5,000 Promotion November 2015"
496,Sport Chek Anniversary Promo,Sport Chek Anniversary Promo
497,Cineplex Store Points Adjustment,Cineplex Store Points Adjustment
498,Carrot Rewards Head Office Escalation,Carrot Rewards Head Office Escalation
499,Carrot Rewards Points Adjustment,Carrot Rewards Points Adjustment (App/technical Error)
500,Carrot Rewards Other,Carrot Rewards Other (notes in comments)
501,D2D Scotia Scene Link Open,SCENE Member link opened to a D2D Scotia SCENE Product
502,D2D Scotia Scene Link Close,SCENE Member link closed to a D2D Scotia SCENE Product
503,VISA Scotia Scene Link Open,SCENE Member link opened to a VISA Scotia SCENE Product
504,VISA Scotia Scene Link Close,SCENE Member link closed to a VISA Scotia SCENE Product
505,VPP Scotia Scene Link Open,SCENE Member link opened to a VPP Scotia SCENE Product
506,VPP Scotia Scene Link Close,SCENE Member link closed to a VPP Scotia SCENE Product
507,Sport Chek Feb-Mar 2016 Promo,Sport Chek Feb-Mar 2016 Promo
508,Sport Chek 2016 FitBit Promo,Sport Chek 2016 FitBit Promo
509,Marks February 2016 Promotion,Marks February 2016 Promotion
510,L’Equipeur Février 2016 Promotion,L’Equipeur Février 2016 Promotion
512,SportChek March 2016 Under Armour Promotion,Sport Chek March 2016 Under Armour Promotion
513,Scotiabank Retention,Scotiabank Retention
514,Sport Chek 2 Day Mar 2016 Promo,Sport Chek 2 Day Mar 2016 Promo
515,Sports Experts April 2016 Under Armour Promotion,Sport Experts April Under Armour 2016
516,SportChek-GT Bike 2016,SportChek-GT Bike 2016
517,SportChek-TaylorMade2016,SportChek-TaylorMade2016
519,Top Up Promotion Reversal,Top Up bonus reversal for no BC activity during promotion
520,Account Verified,Account Verified by CSR
521,Adding New Disposition Type,Adding New Disposition Type
522,BC Education Promo 2015,BC Education Promo 2015
523,Customer Locked,Customer is locked by CSR
524,Customer Unlocked,Customer is unlocked by CSR
525,L'Equipeur Aout 2015 Promotion,L'Equipeur Aout 2015 Promotion
526,Marks August 2015 Promotion,Marks August 2015 Promotion
527,Marks Online August 2015 Promotion,Marks Online August 2015 Promotion
528,Member has multiple account,Send My Card promo - Member has multiple accounts associated with one email
529,Top-Up Promotion,Top-Up Promotion Adjustment
530,Point Adjustment Test1,Point Adjustment Test1
531,Bonds Points Adjustment,Bonds Points Adjustment
534,10k D2D Xsell Offer,10k D2D Xsell Offer
535,20k D2D Xsell Offer,20k D2D Xsell Offer
536,SCENEtourage Grand Prize,SCENEtourage Grand Prize
537,SportChek-2DayJune2016,SportChek-2DayJune2016
538,Sport Chek 2 Day Jun 2016 Promo,Sport Chek 2 Day Jun 2016 Promo
540,"TELUS 5,000 Promotion July 2016","TELUS 5,000 Promotion July 2016"
541,SportChek-Bauer Aug 2016,SportChek-Bauer Aug 2016
542,Marks August 2016 Promotion,Marks August 2016 Promotion
543,L'Equipeur Aout 2016 Promotion,L'Equipeur Aout 2016 Promotion
544,SportChek-Kids Aug 2016,SportChek-Kids Aug 2016
545,Member has forgotten card,Send My Card promo - Member has been sent the card by email
546,Member has multiple account,Send My Card promo - Member has multiple accounts associated with one email
547,Member email in suppression list,Send My Card promo - Member email in suppression list
548,Member has forgotten card,Send My Card promo - Member has been sent the card by email
549,Member has multiple account,Send My Card promo - Member has multiple accounts associated with one email
550,Member email in suppression list,Send My Card promo - Member email in suppression list
551,Member has forgotten card,Send My Card promo - Member has been sent the card by email
552,Member has multiple account,Send My Card promo - Member has multiple accounts associated with one email
553,Member email in suppression list,Send My Card promo - Member email in suppression list
554,Member has forgotten card,Send My Card promo - Member has been sent the card by email
555,Member has multiple account,Send My Card promo - Member has multiple accounts associated with one email
556,Member email in suppression list,Send My Card promo - Member email in suppression list
557,BNS D2D 10x Mass Offer 2016,BNS D2D 10x Mass Offer 2016
558,BNS D2D 10K Target Offer 2016,BNS D2D 10K Target Offer 2016
559,Member has forgotten card,Send My Card promo - Member has been sent the card by email
560,Member has multiple account,Send My Card promo - Member has multiple accounts associated with one email
561,Member email in suppression list,Send My Card promo - Member email in suppression list
562,Member has forgotten card,Send My Card promo - Member has been sent the card by email
563,Member has multiple account,Send My Card promo - Member has multiple accounts associated with one email
564,Member email in suppression list,Send My Card promo - Member email in suppression list
565,SportChek-UA Sept 2016,SportChek-UA Sept 2016
566,BC Education Promo 2016,BC Education Promo 2016
567,SCENE-WEday Oct 2016,SCENE-WEday Oct 2016
568,Music Store Redeemed Points - Adjustment,Music Store Redeemed Points - Adjustment
569,Tangerine Quebec Promo 2016,Tangerine Quebec Promo 2016
572,"TELUS 5,000 Promotion November 2016","TELUS 5,000 Promotion November 2016"
573,"TELUS 10,000 Promotion November 2016","TELUS 10,000 Promotion November 2016"
574,ShowOff-Nov2016,ShowOff-Nov2016
575,IW6 - CARA 50X,IW6 - CARA 50X
576,Scotia1FreeMovieJD,Scotia1FreeMovieJD
577,InterestsUpdated,InterestsUpdated
578,ScotiaHockey-FreeMovies,Scotiabank Hockey - Free Movies for a year
579,IW1 – Redeem & Get 250,IW1 – Redeem & Get 250
580,Marily Denis PIN Promo 2017,Marily Denis PIN Promo 2017
581,Earn 5x points on your next movie ticket purchase,Earn 5x points on your next movie ticket purchase
582,The Gathering Feb 2017,The Gathering Feb 2017
583,SCENE-WEday Feb 2017,SCENE-WEday Feb 2017
584,SportChek-UA Mar 2017,SportChek-UA Mar 2017
585,Marks February 2017 Promotion,Marks February 2017 Promotion
586,L’Équipeur February 2017 Promotion ,L’Équipeur February 2017 Promotion 
587,Account Adjustment - F,Account Adjustment - F
588,Rogers Texture PIN 2017,Rogers Texture PIN 2017
589,Attempted redeem during lock,Attempted to redeem during lock period
590,Earn 5x points on your next movie - Wave 2,Earn 5x points on your next movie ticket purchase for Targeted Inactive Members
591,SportChek FitBit April PIN 2017,SportChek FitBit April PIN 2017
592,IW2 2017 – CARA 50X,50X Dining Offer/50X les points au resto
593,Savings Bundle 1K Offer,SS Bundles Fulfillment Spring 2017
594,Savings Bundle 2K Offer,SS Bundles Fulfillment Spring 2017
595,Savings Bundle 5K Offer,SS Bundles Fulfillment Spring 2017
596,Scotiabank Applause,Scotiabank Applause
597,iTrade Fall 2016 offer,iTrade Fall 2016 offer
598,SportChek Canada Day Jun 2017,Sport Chek Canada Day Promotion
599,SportChek Canada Day 2017 Offer,SportChek Canada Day 2017 Offer
600,Marks Back to School 2017,Marks Back to School 2017
601,Scotia Auto Insurance Quote 2017,Points fulfilment for Scotia SCENE ScotiaLife Auto Insurance quote offer spring 2017
602,PrintCardRequest,PlasticCard Changed to Request
603,PrintCardDecline,PlasticCard Changed to Decline
604,Montana’s Redemption Contest,Montana’s Redemption Contest
605,Scotiabank On-Campus Activations 2017,Scotiabank On-Campus Activations 2017
606,Scene API Web Login,Customer logged into Scene API Web Login
607,Scene API MobileApp Login,Customer logged into Scene API MobileApp
608,Scene API Kiosk Login,Customer logged into Scene API Kiosk
609,Sport Chek Kids BTS 2017 Promotion,Sport Chek Kids BTS 2017 Promotion
610,Scotiabank BOR round table event,Scotiabank BOR round table event
611,Sport Chek Under Armour September 2017,Sport Chek Under Armour September 2017
612,Beyond 150 Contest 2017,Beyond 150 Contest 2017
613,Spotify Guestlist 2017 Instant Win,Spotify Guestlist 2017 Instant Win
614,Sporting Life Fall 2017 Promotion,Sporting Life Fall 2017 Promotion
615,Referred by another member,Member Referral – this member was referred by an existing member
616,Referred another member,Member Referral – this member referred a new SCENE member
617,Reached maximum daily referrals,Member Referral – this member reached the maximum number of referrals allowed per DAY
618,Reached maximum offer referrals,Member Referral – this member reached the maximum number of referrals allowed for an offer
619,Reached maximum annual referrals,Member Referral – this member reached the annual maximum of referrals allowed per calendar year
620,Referred member after maximum reached,Member Referral – this member referred a new SCENE member while having already reached a maximum threshold
621,Golf Town 2017 Promotion,Golf Town 2017 Promotion
622,Golf Town 2017 Promo Pt2,Golf Town 2017 Promo Pt2
623,Scene Scotia D2D 20k offer 2017 (15k Topup),Scene Scotia D2D 20k offer 2017 (15k Topup)
624,Supplementary Card Offer 2017 (1000pts),Supplementary Card Offer 2017 (1000pts)
625,Scotia D2D SOL Activation 2017-2018 (2000pts),Scotia D2D SOL Activation 2017-2018 (2000pts)
